ablation,ap,auroc,auroc_DR,bootstrap_auroc,bootstrap_ci_high,bootstrap_ci_low,brier,cal_auroc,cal_ece,disclaimer,ece,eval,n,run_dir,status,temperature
E0,0.8373841633304936,0.9411580824890132,0.9411580824890132,0.9411580824890132,0.9560317254545867,0.9200378117302955,0.07503979865046038,0.9411580824890132,0.030222622936827537,REAL-PIXEL RFMiD features (ImageNet foundation surrogates: Swin-V2-B + ViT-B->1024 + ViT-S/384). Not label-derived SYNTHETIC. Not RETFound/Vim UKB replication (RETFound HF gated; Vim unavailable).,0.028744642236536794,rfmid_val,576,results/real_rfmid/ckpts/20260917012508/DR/y0,ok,1.0553132589043437
E0,0.7867356306026824,0.9253875968992249,0.9253875968992249,0.9253875968992249,0.947048342950322,0.9021738241494751,0.07842928006203982,0.9253875968992249,0.03093574919672048,REAL-PIXEL RFMiD features (ImageNet foundation surrogates: Swin-V2-B + ViT-B->1024 + ViT-S/384). Not label-derived SYNTHETIC. Not RETFound/Vim UKB replication (RETFound HF gated; Vim unavailable).,0.025676020989340034,rfmid_test,640,results/real_rfmid/ckpts/20260917012508/DR/y0,ok,1.0553132589043437
E1,0.8054343951554652,0.9148998767997352,0.9148998767997352,0.9148998767997352,0.9394631016578212,0.8848055811407686,0.08457388684763946,0.9148998767997352,0.03974858125428772,REAL-PIXEL RFMiD features (ImageNet foundation surrogates: Swin-V2-B + ViT-B→1024 + ViT-S/384). Not label-derived SYNTHETIC. Not RETFound/Vim UKB replication (RETFound HF gated; Vim unavailable).,0.036855610338130236,rfmid_val,576,results\real_rfmid\ckpts\20260917013929\DR\y0,ok,1.1087574254198944
E1,0.7693558798747211,0.9306545386346586,0.9306545386346586,0.9306545386346586,0.9491405344029161,0.9081818819162569,0.07983534633383087,0.9306545386346586,0.031700550758518055,REAL-PIXEL RFMiD features (ImageNet foundation surrogates: Swin-V2-B + ViT-B→1024 + ViT-S/384). Not label-derived SYNTHETIC. Not RETFound/Vim UKB replication (RETFound HF gated; Vim unavailable).,0.03370582943025511,rfmid_test,640,results\real_rfmid\ckpts\20260917013929\DR\y0,ok,1.1087574254198944
E2,0.6076231926073477,0.8757089806054403,0.9214992417130065,0.8757089806054403,0.8919505193800279,0.8584515865383062,0.11665043996336996,0.8757089806054403,0.1809334011903871,REAL-PIXEL RFMiD features (ImageNet foundation surrogates: Swin-V2-B + ViT-B→1024 + ViT-S/384). Not label-derived SYNTHETIC. Not RETFound/Vim UKB replication (RETFound HF gated; Vim unavailable).,0.17616147985113964,rfmid_val,576,results\real_rfmid\ckpts\20260917015318\multitask\y0,ok,1.0605041403693036
E2,0.6103022333547949,0.8860683038054915,0.9098524631157789,0.8860683038054915,0.9024215808710098,0.8716828606102228,0.10831660609289939,0.8860683038054915,0.17588597443887455,REAL-PIXEL RFMiD features (ImageNet foundation surrogates: Swin-V2-B + ViT-B→1024 + ViT-S/384). Not label-derived SYNTHETIC. Not RETFound/Vim UKB replication (RETFound HF gated; Vim unavailable).,0.17049217851099455,rfmid_test,640,results\real_rfmid\ckpts\20260917015318\multitask\y0,ok,1.0605041403693036
E3,0.6137569333710421,0.8815860218097733,0.9294973640499747,0.8815860218097733,0.8961614077295383,0.8644061147927478,0.11734041637520634,0.8815860218097733,0.1875576854349194,REAL-PIXEL RFMiD features (ImageNet foundation surrogates: Swin-V2-B + ViT-B→1024 + ViT-S/384). Not label-derived SYNTHETIC. Not RETFound/Vim UKB replication (RETFound HF gated; Vim unavailable).,0.17868028781362633,rfmid_val,576,results\real_rfmid\ckpts\20260917020322\multitask\y0,ok,1.1129266362678687
E3,0.6434421744201019,0.8977117800955656,0.9275131282820706,0.8977117800955656,0.9141284609266094,0.8818804305390965,0.10950020383927006,0.8977117800955656,0.18780932897266334,REAL-PIXEL RFMiD features (ImageNet foundation surrogates: Swin-V2-B + ViT-B→1024 + ViT-S/384). Not label-derived SYNTHETIC. Not RETFound/Vim UKB replication (RETFound HF gated; Vim unavailable).,0.1782404806715931,rfmid_test,640,results\real_rfmid\ckpts\20260917020322\multitask\y0,ok,1.1129266362678687
E4,0.6137569333710421,0.8815860218097733,0.9294973640499747,0.8815860218097733,0.8961614077295383,0.8644061147927478,0.11734041637520634,0.8815860218097733,0.1875576854349194,REAL-PIXEL RFMiD features (ImageNet foundation surrogates: Swin-V2-B + ViT-B→1024 + ViT-S/384). Not label-derived SYNTHETIC. Not RETFound/Vim UKB replication (RETFound HF gated; Vim unavailable).,0.17868028781362633,rfmid_val,576,results\real_rfmid\ckpts\20260917021522\multitask\y0,ok,1.1129266362678687
E4,0.6434421744201019,0.8977117800955656,0.9275131282820706,0.8977117800955656,0.9141284609266094,0.8818804305390965,0.10950020383927006,0.8977117800955656,0.18780932897266334,REAL-PIXEL RFMiD features (ImageNet foundation surrogates: Swin-V2-B + ViT-B→1024 + ViT-S/384). Not label-derived SYNTHETIC. Not RETFound/Vim UKB replication (RETFound HF gated; Vim unavailable).,0.1782404806715931,rfmid_test,640,results\real_rfmid\ckpts\20260917021522\multitask\y0,ok,1.1129266362678687
E5,0.6413935284569736,0.884714430083591,0.9390481692785441,0.884714430083591,0.9001110320296051,0.8686211175185765,0.10704295269170067,0.884714430083591,0.15827785754530477,REAL-PIXEL RFMiD features (ImageNet foundation surrogates: Swin-V2-B + ViT-B→1024 + ViT-S/384). Not label-derived SYNTHETIC. Not RETFound/Vim UKB replication (RETFound HF gated; Vim unavailable).,0.15968247342487984,rfmid_val,576,results\real_rfmid\ckpts\20260917022709\multitask\y0,ok,0.9809224405718697
E5,0.6322285353103083,0.9006867028096021,0.9156820455113778,0.9006867028096021,0.914001984779093,0.8873498227633666,0.09985667296823536,0.9006867028096021,0.15446243595861955,REAL-PIXEL RFMiD features (ImageNet foundation surrogates: Swin-V2-B + ViT-B→1024 + ViT-S/384). Not label-derived SYNTHETIC. Not RETFound/Vim UKB replication (RETFound HF gated; Vim unavailable).,0.15604606302803745,rfmid_test,640,results\real_rfmid\ckpts\20260917022709\multitask\y0,ok,0.9809224405718697
